Gene	Barcodes	P13459_3001_S1_L001_R1_001_R	P13459_3001_S1_L001_R2_001_F
PbGEM-266100|PbGEM-266092|PbGEM-668501|PBANKA_010110	CAGCGTGATGT	13	12
PBANKA_010600|PbGEM-327699|PbGEM-266699	CGGGCAGGACT	1	1
PbGEM-327787|PBANKA_010820|PbGEM-267035	CGGGTGAGTTT	5	4
PbGEM-267107|PbGEM-267115|PBANKA_010940	GTTCTGAAAGA	1	1
PBANKA_011160|PbGEM-267387|PbGEM-267395	ACCTTCGGTTT	4	2
PbGEM-646379|PbGEM-528213|PbGEM-646545|PbGEM-645764|PbGEM-006748|PbGEM-528072|PbGEM-227922|PbGEM-226125|PbGEM-121418|PbGEM-327867|PBANKA_011250|PbGEM-528354|PbGEM-006740|PbGEM-227938	AGTTTTTTAGC	5	5
PbGEM-327899|PbGEM-006946|PbGEM-228132|PBANKA_020230|PbGEM-006938|PbGEM-645639|PbGEM-645695	TAGTTGGGATC	1	1
PbGEM-268547|PBANKA_020900|PbGEM-268555|PbGEM-328099	ACCACCTCCAC	5	6
PbGEM-666949|PBANKA_020990|PbGEM-328115|PbGEM-268699|PbGEM-268707	CCTTTCTATGG	1	0
PbGEM-328251|PBANKA_021330|PbGEM-269035|PbGEM-269027|PbGEM-269043|PbGEM-341748	GTAGATGTCGT	1	1
PbGEM-269419|PBANKA_030140|PbGEM-269411|PbGEM-675245|PbGEM-328363	CGACTCAGTAG	1	0
PbGEM-227820|PBANKA_030240|PbGEM-083031|PbGEM-083023	AATGGTCGATC	441	422
PbGEM-009429|PbGEM-083181|PbGEM-228180|PbGEM-009437|PBANKA_030500	CCAAGCGAGGC	2	2
PbGEM-328467|PbGEM-228204|PbGEM-527083|PbGEM-083189|PBANKA_030510|PbGEM-527091|PbGEM-646980|PbGEM-527579|PbGEM-009453|PbGEM-083197|PbGEM-539643	AGACCGAGACA	32	34
PbGEM-527690|PBANKA_030600|PbGEM-226059|PbGEM-226060	CGTTATGTGGG	271	265
PbGEM-270179|PbGEM-270171|PbGEM-270187|PBANKA_030770	CTACGATGAAC	3	3
PbGEM-646740|PbGEM-229629|PbGEM-010336|PbGEM-083706|PBANKA_031180|PbGEM-083698	CCTAGGGAAAT	139	137
PbGEM-270842|PbGEM-270850|PBANKA_031230|PbGEM-270858	ATTATGGAATG	1	0
PbGEM-270970|PBANKA_031340|PbGEM-270978|PbGEM-270962	GAATACAGCAC	6	6
PbGEM-010745|PbGEM-672149|PbGEM-010753|PBANKA_031480|PbGEM-230204	AACATAAAAGT	2017	1972
PbGEM-010861|PbGEM-230330|PBANKA_031580|PbGEM-010869	CCTTTCCCTTA	2077	2044
PbGEM-010885|PbGEM-230346|PBANKA_031590|PbGEM-010877	CCATCGTGGCC	1385	1375
PbGEM-646531|PBANKA_040120|PbGEM-011029|PbGEM-230537|PbGEM-528340|PbGEM-646365|PbGEM-645750|PbGEM-528199|PbGEM-011021|PbGEM-230557|PbGEM-226165|PbGEM-084058|PbGEM-528058	GTTACGAAGGG	1	1
PbGEM-645633|PbGEM-645694|PbGEM-011493|PbGEM-011485|PbGEM-674229|PbGEM-228942|PBANKA_040480	GGCCGACTGCG	2	2
PbGEM-011865|PBANKA_040730|PbGEM-229532|PbGEM-665701|PbGEM-011857|PbGEM-084446	TGGACCAGCGT	245	235
PBANKA_040750|PbGEM-229574|PbGEM-011897	AACAGGGTTCC	2	2
PbGEM-528214|PbGEM-012314|PbGEM-121322|PbGEM-646380|PbGEM-527123|PbGEM-645765|PbGEM-646941|PbGEM-528073|PbGEM-527587|PbGEM-230086|PbGEM-646546|PBANKA_041050|PbGEM-121426|PbGEM-528355|PbGEM-527131	GGCTAGGCCGC	70	69
PbGEM-673581|PBANKA_041590|PbGEM-273050|PbGEM-273042	AGATCCTCGAC	3	3
PbGEM-273306|PBANKA_041810|PbGEM-273290|PbGEM-329187|PbGEM-646993|PbGEM-273298	TGTTGAGACAG	0	1
PbGEM-273850|PBANKA_050300|PbGEM-273842|PbGEM-670965|PbGEM-533723	GAATCATAACA	1	1
PbGEM-085541|PbGEM-646930|PbGEM-329347|PbGEM-085549|PBANKA_050500|PbGEM-230629	GCGTCGATCAA	53	53
PbGEM-274330|PBANKA_050720|PbGEM-274322	ACAAGACGAAG	3	3
PbGEM-274402|PbGEM-274410|PbGEM-274394|PbGEM-329451|PBANKA_050790	AGGCTAGCTTG	2	2
PbGEM-015205|PbGEM-231673|PbGEM-015197|PbGEM-647147|PbGEM-329595|PBANKA_051220	AGCCCACTTTT	89	92
PbGEM-086045|PbGEM-231792|PbGEM-086037|PBANKA_051300|PbGEM-646754	TCGCAGGGAGC	404	397
PbGEM-015553|PbGEM-015545|PbGEM-670885|PBANKA_051490|PbGEM-527698|PbGEM-232006	TGCCTTGTATG	1688	1638
PbGEM-538107|PbGEM-527706|PBANKA_051500|PbGEM-015569|PbGEM-015561|PbGEM-232023	AGGGTTCCTAT	2566	2478
PbGEM-086328|PbGEM-086320|PbGEM-232500|PbGEM-015980|PBANKA_051760|PbGEM-329731	ATGCGGGACTT	63	63
PbGEM-016683|PbGEM-647179|PBANKA_052230|PbGEM-016675|PbGEM-233292	GACGTCACCTC	1167	1168
PbGEM-276922|PBANKA_060150|PbGEM-276906|PbGEM-276914	ATACCGTAGGT	1	1
PbGEM-528142|PbGEM-645837|PbGEM-646618|PBANKA_060240|PbGEM-017299|PbGEM-528424|PbGEM-646452|PbGEM-234221|PbGEM-329979|PbGEM-017291|PbGEM-528283	CAACGTGAGCA	6	6
PBANKA_060470|PbGEM-087064|PbGEM-087072|PbGEM-232478|PbGEM-017659	AGTGCTTCAGT	1	1
PbGEM-017899|PbGEM-087185|PBANKA_060620|PbGEM-672901|PbGEM-087193|PbGEM-232734	CAAGCCGGGCG	927	899
PbGEM-087299|PbGEM-233049|PbGEM-018144|PbGEM-018152|PbGEM-646999|PBANKA_060800	TCCCGCTCTTG	597	593
PbGEM-448900|PbGEM-072354|PbGEM-671013|PbGEM-646538|PbGEM-018467|PBANKA_061040|PbGEM-448908|PbGEM-646755|PbGEM-448892|PbGEM-528206|PbGEM-645757|PbGEM-646372|PbGEM-087402|PbGEM-528065|PbGEM-233510|PbGEM-330147|PbGEM-528347|PbGEM-448884	CTTACATTGGT	2	2
PbGEM-018980|PbGEM-341371|PbGEM-087730|PbGEM-234299|PBANKA_061430|PbGEM-330235|PbGEM-018972	AATTAAACGCT	1	1
PbGEM-330347|PBANKA_061920|PbGEM-234997|PbGEM-019708|PbGEM-019700|PbGEM-467280|PbGEM-088087	AGTAGCGGTCC	482	467
PbGEM-019870|PBANKA_062030|PbGEM-235301|PbGEM-019862	CGGCCTTAACA	1363	1353
PbGEM-020516|PbGEM-343476|PbGEM-088624|PBANKA_070210|PbGEM-264348|PbGEM-233246|PbGEM-330547	TACCAAGATTC	3	3
PBANKA_070270|PbGEM-342020|PbGEM-088684|PbGEM-088692|PbGEM-233406|PbGEM-020612	CCTTCTAGGAC	1	1
PBANKA_070330|PbGEM-020708|PbGEM-088718|PbGEM-233516|PbGEM-088710	CGTCACAAGTA	10	10
PbGEM-020836|PbGEM-088775|PbGEM-233698|PBANKA_070410	CCATGCTATCA	3	3
PbGEM-234332|PbGEM-021279|PBANKA_070700|PbGEM-088932|PbGEM-088924	CTACAAGTTCA	1623	1589
PbGEM-330747|PbGEM-281106|PBANKA_070850|PbGEM-281098	ATCTCATTCCT	1	1
PBANKA_071020|PbGEM-281322|PbGEM-281330	ACGTTTGGGAA	3	3
PbGEM-330827|PbGEM-021910|PbGEM-235041|PBANKA_071130|PbGEM-021918|PbGEM-647299	ACCCCTTGACT	209	209
PbGEM-112148|PbGEM-647307|PbGEM-022041|PbGEM-235226|PbGEM-235245|PbGEM-111890|PbGEM-226189|PBANKA_071220	CTCTTAATAGG	1	1
PBANKA_071330|PbGEM-673893|PbGEM-281722|PbGEM-281730	TTCAAATTAAC	2	1
PbGEM-281786|PbGEM-647323|PbGEM-281794|PBANKA_071450|PbGEM-330915|PbGEM-281802	ACTTGGACTCG	0	1
PbGEM-022409|PBANKA_071490|PbGEM-022417|PbGEM-235774	CGGGTGTAAGT	57	53
PBANKA_071630|PbGEM-282026|PbGEM-282034|PbGEM-666045|PbGEM-282042|PbGEM-647331	GGTACGACCAA	4	3
PbGEM-089969|PbGEM-089977|PbGEM-237100|PBANKA_072090|PbGEM-193538	TCATAGGTGTT	2	2
PbGEM-282818|PbGEM-461642|PbGEM-461676|PbGEM-331155|PbGEM-664301|PbGEM-282810|PBANKA_080060	CTGTTTCGTGT	2	2
PbGEM-023719|PbGEM-331251|PbGEM-090215|PbGEM-023727|PBANKA_080260|PbGEM-672685|PbGEM-235557	CTCTTGGTCTG	1	1
PBANKA_080640|PbGEM-283538|PbGEM-283530|PbGEM-673781|PbGEM-283522	CTGAAAGCGGG	2	2
PbGEM-090509|PbGEM-024315|PBANKA_080650|PbGEM-645641|PbGEM-236451|PbGEM-645702	ATTCGGGTTAA	103	102
PbGEM-024371|PBANKA_080690|PbGEM-090532|PbGEM-236525|PbGEM-024379|PbGEM-646973|PbGEM-674069	TTATAAGTCTA	70	68
PbGEM-331475|PbGEM-283890|PbGEM-283882|PBANKA_080950	GAGGTGGACAA	1	1
PbGEM-646543|PbGEM-646377|PbGEM-238732|PbGEM-025757|PbGEM-528211|PbGEM-528070|PbGEM-238770|PbGEM-226205|PbGEM-528352|PbGEM-645762|PbGEM-331627|PBANKA_081700|PbGEM-025749	CGGATAGTCGT	1	0
PbGEM-284922|PbGEM-284914|PBANKA_081910|PbGEM-669445	TGGCTTCGCTC	1	1
PbGEM-645638|PbGEM-239651|PBANKA_082040|PbGEM-091264|PbGEM-026174|PbGEM-645686|PbGEM-467263	ATCTGATGTAG	427	420
PbGEM-026332|PbGEM-259332|PBANKA_082230	GGCGTACCCCG	1	1
PBANKA_082320|PbGEM-026413|PbGEM-026405|PbGEM-259380	ACCTGGACGGA	407	404
PbGEM-026502|PbGEM-342140|PbGEM-259428|PbGEM-331795|PBANKA_082380|PbGEM-647000|PbGEM-026494	CGAAGTTCGTC	2	1
PbGEM-286258|PBANKA_083200|PbGEM-286266	AATAGCGGGTA	3	3
PBANKA_083290|PbGEM-286402|PbGEM-646814|PbGEM-286410	TTACTGCAAGC	2	2
PBANKA_091240|PbGEM-288522|PbGEM-332523|PbGEM-288514	GCTCTGTCATC	3	3
PbGEM-093381|PbGEM-093389|PbGEM-239096|PbGEM-030551|PBANKA_091600	AAAGCCGAGAC	139	143
PbGEM-289433|PbGEM-289417|PBANKA_091910|PbGEM-289441|PbGEM-289425	ACGACTTGGAC	1	2
PBANKA_092090|PbGEM-240365|PbGEM-332723	CATCCGAGGCC	12	12
PbGEM-240449|PbGEM-538475|PbGEM-093779|PbGEM-332731|PbGEM-673661|PBANKA_092140	TCCCTGGAATG	0	1
PBANKA_092450|PbGEM-240901|PbGEM-031444	ACGGCATTGCT	0	1
PBANKA_092910|PbGEM-290624|PbGEM-290616	CGTTCGCTATA	5	4
PBANKA_093080|PbGEM-032387|PbGEM-238983|PbGEM-032395	TCTCGGGCCAT	161	158
PbGEM-290856|PbGEM-290840|PBANKA_093100|PbGEM-290848	CTCCACAGGTC	5	5
PbGEM-646966|PbGEM-290888|PbGEM-342324|PbGEM-290896|PBANKA_093150|PbGEM-290880|PbGEM-333003	CACCCGTCCTG	2	2
PBANKA_093260|PbGEM-647483|PbGEM-239492|PbGEM-032666	GAACCTGGACA	1	1
PbGEM-239595|PbGEM-032706|PbGEM-645629|PBANKA_093290|PbGEM-032714|PbGEM-645697	TTCGGGATACG	2032	1990
PBANKA_093380|PbGEM-291216|PbGEM-667573|PbGEM-291208	TACATATTGCT	7	7
PbGEM-072390|PbGEM-241053|PBANKA_093900|PbGEM-333179|PbGEM-033571|PbGEM-587308|PbGEM-033579	GCTTGGAATAT	1	1
PbGEM-292728|PBANKA_100210|PbGEM-671389|PbGEM-333419|PbGEM-292720|PbGEM-292712	TAAGACTGTAT	1	1
PbGEM-292736|PbGEM-647499|PBANKA_100220|PbGEM-292744	GCGTCGTGAAG	1	1
PbGEM-646442|PBANKA_100240|PbGEM-646608|PbGEM-528415|PbGEM-034607|PbGEM-528133|PbGEM-034599|PbGEM-645827|PbGEM-528274|PbGEM-646757|PbGEM-242836	GTGCTTATCCA	181	179
PbGEM-292776|PBANKA_100250|PbGEM-292784|PbGEM-647507|PbGEM-666493|PbGEM-292768	AAGTGCCAAAT	2	2
PbGEM-292840|PbGEM-292832|PbGEM-535275|PBANKA_100290|PbGEM-341563	ATCGAGTCGAC	2	2
PBANKA_100640|PbGEM-095750|PbGEM-095758|PbGEM-035219|PbGEM-244092	CATTGAACGAT	154	152
PbGEM-095793|PbGEM-035331|PbGEM-095785|PbGEM-262500|PbGEM-645645|PBANKA_100710|PbGEM-673573|PbGEM-645743|PbGEM-538579	AATGAAGAGTA	1	3
PbGEM-333819|PbGEM-263020|PbGEM-036330|PBANKA_101400|PbGEM-096351|PbGEM-096343	GCGCTGGAACT	5	5
PbGEM-036782|PbGEM-528210|PbGEM-263228|PbGEM-112196|PbGEM-096460|PbGEM-333923|PbGEM-645761|PBANKA_101700|PbGEM-528069|PbGEM-528351|PbGEM-646542|PbGEM-646376|PbGEM-036774	AAATGGAACTT	413	406
PbGEM-645689|PbGEM-036860|PbGEM-646769|PbGEM-645634|PbGEM-263260|PbGEM-096504|PbGEM-333947|PBANKA_101750	CACAAGAGGGA	131	128
PBANKA_101810|PbGEM-263308|PbGEM-036935|PbGEM-538627|PbGEM-121258	TAGGGACCAAC	584	596
PbGEM-295718|PbGEM-295702|PbGEM-295710|PBANKA_102460|PbGEM-334115	CGAGTATGCTT	1	1
PbGEM-038106|PbGEM-202206|PbGEM-263908|PbGEM-038114|PBANKA_102600	GGCTGTGAGTC	1	2
PbGEM-296182|PBANKA_102760|PbGEM-296174|PbGEM-296166	GGGGAGGTAAA	5	5
PbGEM-296646|PBANKA_103210|PbGEM-667869|PbGEM-296654|PbGEM-296662|PbGEM-334355	GCGGCCTGTAT	5	5
PbGEM-334371|PBANKA_103240|PbGEM-097484|PbGEM-038941|PbGEM-242284	TTTGAGATCTC	940	912
PbGEM-039262|PbGEM-039254|PbGEM-527259|PbGEM-242747|PBANKA_103440|PbGEM-527722|PbGEM-527267	CGGAGTACGTT	172	164
PbGEM-097658|PbGEM-039390|PbGEM-097666|PBANKA_103520|PbGEM-334491|PbGEM-242921	CAGCAAGTCGT	94	91
PbGEM-097830|PbGEM-538699|PbGEM-527714|PBANKA_103780|PbGEM-243516|PbGEM-039757|PbGEM-097822|PbGEM-467284	ACACGACAAGC	851	846
PbGEM-298005|PbGEM-297997|PBANKA_110220	AGTTAGGTTCC	1	1
PbGEM-645701|PbGEM-645675|PbGEM-245181|PBANKA_110420|PbGEM-527730|PbGEM-040613|PbGEM-098344|PbGEM-122074	AGTAAGCCTTC	140	138
PbGEM-342556|PbGEM-646745|PBANKA_110490|PbGEM-245326|PbGEM-040697	CCCTCGGGTGC	3	3
PbGEM-334835|PbGEM-341603|PbGEM-245844|PbGEM-040925|PbGEM-098467|PBANKA_110650|PbGEM-098459	GCACCTCTGGC	2	2
PbGEM-098495|PbGEM-040982|PbGEM-245998|PbGEM-098503|PBANKA_110690	CATATCAGCGT	264	262
PbGEM-647643|PbGEM-298613|PbGEM-298629|PBANKA_110700|PbGEM-298621	AGCTTGGGCCG	1	1
PbGEM-246443|PbGEM-334915|PbGEM-041219|PBANKA_110840	CATAGTGAGCG	34	34
PbGEM-041538|PBANKA_111060|PbGEM-041546|PbGEM-243214|PbGEM-334979	ACAGTTGCCTC	217	216
PBANKA_111340|PbGEM-041952|PbGEM-467251|PbGEM-244050|PbGEM-041944	GGCCAGGAAAG	659	649
PbGEM-042088|PbGEM-244333|PBANKA_111430|PbGEM-665069|PbGEM-042096|PbGEM-335075	CATAGGTTCTG	95	95
PbGEM-299595|PbGEM-299587|PbGEM-335115|PBANKA_111550	CCTCGCCCAAC	2	2
PBANKA_111920|PbGEM-335227|PbGEM-245682|PbGEM-042760|PbGEM-042768	TTATCCAAGGG	217	211
PbGEM-665477|PbGEM-646824|PBANKA_112120|PbGEM-300355|PbGEM-300363|PbGEM-300347	GCGCGGCATGA	4	4
PbGEM-043181|PbGEM-043189|PBANKA_112240|PbGEM-246652|PbGEM-099490|PbGEM-646987	GGGTTTATCCG	37	35
PbGEM-043415|PBANKA_112390|PbGEM-645723|PbGEM-645652|PbGEM-247136	CTCATATAGCG	2	3
PbGEM-043567|PbGEM-247392|PBANKA_112490|PbGEM-043575	TCGCGTAAAGA	5	5
PbGEM-099891|PbGEM-044048|PbGEM-248474|PbGEM-099883|PbGEM-645637|PBANKA_112810|PbGEM-645691	GCGATCAGTTT	119	116
PbGEM-301322|PBANKA_112920|PbGEM-301314|PbGEM-335547	CGATCTTTCTC	2	2
PbGEM-301858|PbGEM-335707|PbGEM-301842|PBANKA_113280|PbGEM-301850	GCCTATCCTAT	2	2
PbGEM-302018|PbGEM-302010|PBANKA_113470	AGAATAAGCGA	0	1
PbGEM-302314|PbGEM-342700|PbGEM-335819|PBANKA_113670|PbGEM-302298|PbGEM-302306|PbGEM-302290	TATCGCTGGGG	2	2
PbGEM-045681|PbGEM-045689|PBANKA_113980|PbGEM-247428	CATGGATGGGC	504	488
PbGEM-303114|PbGEM-303122|PbGEM-335947|PbGEM-647811|PbGEM-303106|PBANKA_114320	AAAATCATTTA	3	2
PbGEM-342764|PBANKA_114340|PbGEM-046108|PbGEM-647819|PbGEM-046116|PbGEM-646956|PbGEM-248446|PbGEM-335955	TGAGGCAGACT	3	3
PbGEM-336099|PBANKA_120160|PbGEM-303698	CCTTTTTCTCC	3	3
PBANKA_120290|PbGEM-303874|PbGEM-303866|PbGEM-303882	TTTATCGGAAT	2	1
PbGEM-046893|PBANKA_120345	TACTCAGCGTG	1	0
PbGEM-304082|PBANKA_120400|PbGEM-336155|PbGEM-304090|PbGEM-304098	GGCGCTTGGTC	1	1
PBANKA_120740|PbGEM-304546|PbGEM-336259|PbGEM-304554	ACGCTGCTCAG	4	4
PbGEM-245936|PbGEM-047675|PbGEM-671725|PBANKA_120870	GACCCATAAGC	1	1
PbGEM-304938|PbGEM-304922|PbGEM-304930|PBANKA_121060	AGATCTTGTCG	1	1
PbGEM-305074|PbGEM-305066|PbGEM-305058|PBANKA_121140|PbGEM-336355	TACGGCGCTCA	1	1
PBANKA_121220|PbGEM-305242|PbGEM-305226|PbGEM-305234|PbGEM-305218|PbGEM-674133|PbGEM-305210	TGCTTATACTA	7	7
PbGEM-048208|PbGEM-336411|PbGEM-665437|PbGEM-461616|PbGEM-247068|PbGEM-646719|PbGEM-461650|PbGEM-102303|PBANKA_121260|PbGEM-102311	TTAATTGCGAC	468	475
PBANKA_121340|PbGEM-048328|PbGEM-247261|PbGEM-048336	CGTGCGAAATG	451	432
PbGEM-102677|PbGEM-248816|PBANKA_121830|PbGEM-102669	CGACACAAGTT	1	1
PbGEM-306178|PbGEM-336643|PbGEM-306170|PBANKA_121960	AGATTGCCCAC	2	2
PbGEM-050684|PbGEM-671381|PBANKA_122980|PbGEM-103317|PbGEM-260972|PbGEM-103309|PbGEM-336931	CAACATGCTTC	0	2
PbGEM-646791|PbGEM-672757|PBANKA_123140|PbGEM-050926|PbGEM-336987|PbGEM-261084|PbGEM-103398	GCACTGTCCAG	1	1
PBANKA_123320|PbGEM-051158|PbGEM-103538|PbGEM-261220|PbGEM-103546	TCGGAGGGTCC	2	2
PbGEM-461648|PbGEM-051222|PbGEM-461614|PbGEM-261252|PBANKA_123360|PbGEM-051214	TAGATTGGGCG	976	930
PbGEM-261516|PBANKA_123740|PbGEM-103728	AGACAATGGAC	4	4
PbGEM-052197|PbGEM-261764|PBANKA_124120|PbGEM-052205	TATCGACCCCG	500	491
PBANKA_124220|PbGEM-337251|PbGEM-261828|PbGEM-103970|PbGEM-103978	CCCAGCTTGAA	9	10
PBANKA_124430|PbGEM-309425|PbGEM-309433	CAGGCAAAAAC	1	1
PbGEM-309991|PbGEM-342964|PBANKA_130080|PbGEM-309975|PbGEM-309983|PbGEM-309999|PbGEM-337379|PbGEM-669677	GCGTTCCGTAG	2	2
PbGEM-121410|PbGEM-121314|PbGEM-645763|PbGEM-646758|PbGEM-337507|PbGEM-247876|PbGEM-528353|PbGEM-646544|PBANKA_130470|PbGEM-528212|PbGEM-053724|PbGEM-528071|PbGEM-646378	CTCATTCCCGT	25	25
PBANKA_131070|PbGEM-054628|PbGEM-250324|PbGEM-342996|PbGEM-337683	GTAGCTAGGAA	13	13
PbGEM-250522|PbGEM-054729|PbGEM-054737|PBANKA_131140	TAACTAACCTG	794	798
PbGEM-311733|PBANKA_131420|PbGEM-311741	AATAAATATGG	4	4
PbGEM-055262|PBANKA_131530|PbGEM-055270|PbGEM-252104|PbGEM-105309	CCTCCATATGT	1540	1515
PbGEM-264692|PbGEM-055382|PBANKA_131600|PbGEM-252415	CTGTTCGGGTA	4	4
PbGEM-055532|PbGEM-252796|PBANKA_131720|PbGEM-055524	GGGCGTCTCCC	25	25
PBANKA_132170|PbGEM-312797|PbGEM-312805|PbGEM-312789	AATGGGTAACA	4	4
PBANKA_132910|PbGEM-106448|PbGEM-057109|PbGEM-057101|PbGEM-248631	CGTACCCTGCA	844	851
PBANKA_133580|PbGEM-251081|PbGEM-058012|PbGEM-058020	GCAGAAATGTA	546	530
PBANKA_133680|PbGEM-670149|PbGEM-107021|PbGEM-058173|PbGEM-251443	CGTGAGTGAGA	44	44
PbGEM-058237|PbGEM-251670|PBANKA_133720	GCTACCTCCGA	4	3
PbGEM-058924|PbGEM-058916|PBANKA_134230|PbGEM-671237|PbGEM-253428	ATCGATACATA	3	3
PbGEM-058996|PbGEM-253563|PbGEM-059004|PbGEM-646927|PBANKA_134280	GTATACGGATT	4	4
PBANKA_134420|PbGEM-315755|PbGEM-315747	TAGAATAAAGC	2	2
PbGEM-059527|PbGEM-059519|PbGEM-254969|PbGEM-107625|PBANKA_134630	TTGTAGCCTCT	2287	2248
PBANKA_134980|PbGEM-060031|PbGEM-338811|PbGEM-250116|PbGEM-107890|PbGEM-107898	GGACGCCCTGG	0	1
PbGEM-338875|PbGEM-060427|PbGEM-060435|PBANKA_135250|PbGEM-251268	ACTCGTGAACT	359	359
PbGEM-670933|PBANKA_135260|PbGEM-645787|PbGEM-108129|PbGEM-338883|PbGEM-111802|PbGEM-646402|PbGEM-528376|PbGEM-646568|PbGEM-251324|PbGEM-528094|PbGEM-060451|PbGEM-528235	CTTTACTGGGT	1269	1240
PbGEM-108164|PBANKA_135330|PbGEM-251495	AATGTGCGTCC	3	3
PBANKA_135750|PbGEM-339059|PbGEM-317315|PbGEM-317331|PbGEM-664861|PbGEM-317323	CCGAAGATCCG	0	2
PbGEM-317427|PBANKA_135820|PbGEM-317435	GCTTCTCTTTA	4	4
PbGEM-061450|PbGEM-061442|PBANKA_135960|PbGEM-253840|PbGEM-646722	CCCTCAAATAC	875	917
PbGEM-253875|PbGEM-061466|PbGEM-343204|PbGEM-646730|PBANKA_135970|PbGEM-339139|PbGEM-061458	GTTTAAGCTTT	3	2
PbGEM-527738|PBANKA_140160|PbGEM-645682|PbGEM-062484|PbGEM-062476|PbGEM-256353|PbGEM-645699	AACACAACCGC	269	269
PbGEM-062500|PbGEM-256378|PbGEM-264420|PBANKA_140170|PbGEM-343220	CAGTTCTGATT	2	2
PbGEM-318755|PbGEM-318739|PbGEM-318747|PBANKA_140270|PbGEM-318731	GTCGTCCAAGA	1	1
PbGEM-062840|PbGEM-251855|PBANKA_140400|PbGEM-264076	GGTTCCGCCTA	2	2
PbGEM-062848|PbGEM-251892|PBANKA_140410|PbGEM-062856	TAGTGCCAGGC	170	161
PBANKA_140450|PbGEM-318995|PbGEM-318979|PbGEM-318987	ATTGAGAACGT	4	4
PbGEM-064313|PbGEM-646777|PbGEM-255451|PbGEM-343260|PbGEM-064321|PBANKA_141470	GCTGCCACAAA	5	5
PbGEM-257226|PbGEM-467289|PbGEM-339931|PBANKA_142220|PbGEM-065367|PbGEM-646383|PbGEM-646549|PbGEM-528075|PbGEM-645768|PbGEM-539323|PbGEM-528357|PbGEM-528216|PbGEM-065359|PbGEM-110609	CTGGGAAAAGA	405	394
PbGEM-110783|PbGEM-257918|PBANKA_142530|PbGEM-264588|PbGEM-343316|PbGEM-065779	CTCTTATGCTC	11	12
PbGEM-065847|PbGEM-065839|PbGEM-339979|PBANKA_142590|PbGEM-253888|PbGEM-665797	CTCTACTTCTG	78	77
PbGEM-321755|PbGEM-321747|PBANKA_142710	AATAGCCTCTT	3	2
PbGEM-340051|PbGEM-322011|PBANKA_142930|PbGEM-322003|PbGEM-322019	TACTCTATCCC	4	4
PbGEM-111156|PbGEM-066481|PBANKA_143030|PbGEM-255535|PbGEM-111148	CCGACAATTTG	362	357
PbGEM-066521|PbGEM-066529|PBANKA_143060|PbGEM-255615|PbGEM-340083	GTCACGCTCTC	471	473
PbGEM-256308|PBANKA_143370|PbGEM-066978	CATTACTGGGT	0	1
PbGEM-067090|PbGEM-467257|PBANKA_143440|PbGEM-256422|PbGEM-111457|PbGEM-111449	TTTCTTCAAAG	1087	1070
PbGEM-067386|PBANKA_143630|PbGEM-648115|PbGEM-067394|PbGEM-257036	GTATCGTTGTT	1221	1167
PbGEM-067727|PbGEM-264852|PbGEM-257514|PbGEM-340339|PBANKA_143860|PbGEM-079466	TCCCATTCCCT	1	1
PbGEM-340459|PbGEM-323787|PBANKA_144220	GATACCAACCT	4	4
PBANKA_144380|PbGEM-258397|PbGEM-068513|PbGEM-340515	CATGCTATACG	10	8
PbGEM-539395|PBANKA_144900|PbGEM-256997|PbGEM-069276|PbGEM-069268|PbGEM-467274	TCACGCGATGC	208	203
PbGEM-648179|PbGEM-069383|PBANKA_144980|PbGEM-341523|PbGEM-257126|PbGEM-340755|PbGEM-665645	GTTCTATCTAT	1	1
PBANKA_145540|PbGEM-325539|PbGEM-325531|PbGEM-325523	TGGGATTCACC	1	1
PbGEM-070570|PBANKA_145770|PbGEM-080757|PbGEM-258716	GATATTCCTCT	631	628
PbGEM-220771|PbGEM-070786|PbGEM-258884|PBANKA_145910|PbGEM-070794	GACCACGAGAG	1	1
PbGEM-646838|PbGEM-674045|PbGEM-326043|PbGEM-326027|PbGEM-326035|PBANKA_145980|PbGEM-341067	CGGTCATCCAT	1	1
PbGEM-258988|PbGEM-071005|PbGEM-646975|PbGEM-071013|PBANKA_146060	AGGGGATGGTC	1344	1321
PbGEM-648195|PbGEM-220883|PbGEM-341091|PbGEM-258996|PBANKA_146070|PbGEM-527547|PbGEM-527539|PbGEM-071021|PbGEM-071029	ATCTATTCAAG	1	1
