gene_id,barcode
PBANKA_000010,ttcgccgggcc
PBANKA_000030,caggcaatcgg
PBANKA_000040,cggtcatcacc
PBANKA_000050,cggacgcttgt
PBANKA_000060,actaccttatg
PBANKA_000070,ttaccattgtt
PBANKA_000080,gtctacatgct
PBANKA_000090,tctgctcatgt
PBANKA_000100,ccgtttttttc
PBANKA_000110,tccgatagtac
PBANKA_000130,aatgccgctat
PBANKA_000150,tgtctaagggt
PBANKA_000160,cgtagagttaa
PBANKA_000165,agcagtgaacg
PBANKA_000170,tttccgatctc
PBANKA_000180,acccagcggtt
PBANKA_000190,acccatggggt
PBANKA_000200,gggaaatttat
PBANKA_000210,ttctacgttct
