barcode,gene_id
ttcgccgggcc,PBANKA_000010
caggcaatcgg,PBANKA_000030
cggtcatcacc,PBANKA_000040
cggacgcttgt,PBANKA_000050
actaccttatg,PBANKA_000060
ttaccattgtt,PBANKA_000070
gtctacatgct,PBANKA_000080
tctgctcatgt,PBANKA_000090
ccgtttttttc,PBANKA_000100
tccgatagtac,PBANKA_000110
aatgccgctat,PBANKA_000130
tgtctaagggt,PBANKA_000150
cgtagagttaa,PBANKA_000160
agcagtgaacg,PBANKA_000165
tttccgatctc,PBANKA_000170
acccagcggtt,PBANKA_000180
acccatggggt,PBANKA_000190
gggaaatttat,PBANKA_000200
ttctacgttct,PBANKA_000210
